{"cameraMode":{"drawMode":0,"name":"Shaded","section":"Shading Mode"},"sceneLighting":true,"audioPlay":false,"sceneViewState":{"showFog":true,"showMaterialUpdate":false,"showSkybox":true,"showFlares":true,"showImageEffects":true,"showParticleSystems":true},"in2DMode":false,"pivot":{"x":2.7753522396087648,"y":1.0080729722976685,"z":-1.745983362197876},"rotation":{"x":-0.11691509932279587,"y":0.8485980033874512,"z":-0.21064533293247224,"w":-0.47099998593330386},"size":13.014215469360352,"orthographic":false}